collection,volume,pages,title,author,candidate_years,review_candidate,source_url,source_file
Botswana Notes & Records,1.0,65-76,Bamalete contract law,J.M Walker,,yes,https://www.thebotswanasociety.net/botswana-notes-records,botswana-notes-records-index-recent.xlsx
Botswana Notes & Records,1.0,15-17,Molepolole mission history,A.M. Merriweather,,yes,https://www.thebotswanasociety.net/botswana-notes-records,botswana-notes-records-index-recent.xlsx
Botswana Notes & Records,1.0,41-49,Notes on the history of sleeping sickness,F.L. Lambrecht,,yes,https://www.thebotswanasociety.net/botswana-notes-records,botswana-notes-records-index-recent.xlsx
Botswana Notes & Records,1.0,41-49,Notes on the history on sleeping sickness,F.L. Lambrecht,,yes,https://www.thebotswanasociety.net/botswana-notes-records,botswana-notes-records-index-recent.xlsx
Botswana Notes & Records,1.0,43469.0,The church and education in Botswana,B.C. Thema,,yes,https://www.thebotswanasociety.net/botswana-notes-records,botswana-notes-records-index-recent.xlsx
Botswana Notes & Records,1.0,43469.0,The church and education in Botswana during the 19th century,B.J. van Niekerk,,yes,https://www.thebotswanasociety.net/botswana-notes-records,botswana-notes-records-index-recent.xlsx
Botswana Notes & Records,1.0,43469.0,The church and education in Botswana during the 19th century,B.C. Thema,,yes,https://www.thebotswanasociety.net/botswana-notes-records,botswana-notes-records-index-recent.xlsx
Botswana Notes & Records,1.0,51-63,The history of Sechele,L. Knobel,,yes,https://www.thebotswanasociety.net/botswana-notes-records,botswana-notes-records-index-recent.xlsx
Botswana Notes & Records,1.0,81-83,The sources of history,N. Mitchison,,yes,https://www.thebotswanasociety.net/botswana-notes-records,botswana-notes-records-index-recent.xlsx
Botswana Notes & Records,2.0,64-70,A note on locol government in Botswana,J. Griffiths,,yes,https://www.thebotswanasociety.net/botswana-notes-records,botswana-notes-records-index-recent.xlsx
Botswana Notes & Records,2.0,106-108,Journey in search of history (Anglo-Boer War),A. Hickman,,yes,https://www.thebotswanasociety.net/botswana-notes-records,botswana-notes-records-index-recent.xlsx
Botswana Notes & Records,2.0,56-61,Kgatla law and social change,S. Roberts,,yes,https://www.thebotswanasociety.net/botswana-notes-records,botswana-notes-records-index-recent.xlsx
Botswana Notes & Records,2.0,43629.0,Land and Chiefship in the Tati concession (1895-1903),R.P. Werbner,1895;1903,yes,https://www.thebotswanasociety.net/botswana-notes-records,botswana-notes-records-index-recent.xlsx
Botswana Notes & Records,2.0,52-55,Notes on settlement in the Ghanzi District,S. Gillett,,yes,https://www.thebotswanasociety.net/botswana-notes-records,botswana-notes-records-index-recent.xlsx
Botswana Notes & Records,2.0,29-84,Rural income and urban wage,P. Landell-Mills,,yes,https://www.thebotswanasociety.net/botswana-notes-records,botswana-notes-records-index-recent.xlsx
Botswana Notes & Records,2.0,79-84,Rural income and urban wage rates,P. Landell-Mills,,yes,https://www.thebotswanasociety.net/botswana-notes-records,botswana-notes-records-index-recent.xlsx
Botswana Notes & Records,2.0,43470.0,The early history of the Khurutshe,I. Schapera,,yes,https://www.thebotswanasociety.net/botswana-notes-records,botswana-notes-records-index-recent.xlsx
Botswana Notes & Records,2.0,62-63,The Malete law of contract: a reply,S. Roberts,,yes,https://www.thebotswanasociety.net/botswana-notes-records,botswana-notes-records-index-recent.xlsx
Botswana Notes & Records,3.0,155-156,(Rural Development Conference:) Introduction,,,yes,https://www.thebotswanasociety.net/botswana-notes-records,botswana-notes-records-index-recent.xlsx
Botswana Notes & Records,3.0,74-78,A history of the Bechuanaland Protectorate veterinary services,J. Falconer,,yes,https://www.thebotswanasociety.net/botswana-notes-records,botswana-notes-records-index-recent.xlsx
Botswana Notes & Records,3.0,74-78,A History of the Bechuanaland Protectorate veterinary services 1905 - 1906,J. Falconer,1905;1906,yes,https://www.thebotswanasociety.net/botswana-notes-records,botswana-notes-records-index-recent.xlsx
Botswana Notes & Records,3.0,283-298,A list of reports on Botswana in the library of the Ministry of Finance and Development Planning,B. Winstanley,,yes,https://www.thebotswanasociety.net/botswana-notes-records,botswana-notes-records-index-recent.xlsx
Botswana Notes & Records,3.0,201-215,A new approach to rural development,P. van Rensburg,,yes,https://www.thebotswanasociety.net/botswana-notes-records,botswana-notes-records-index-recent.xlsx
Botswana Notes & Records,3.0,111.0,A note of ruling generations and historical time in Botswana,A. Kuper,,yes,https://www.thebotswanasociety.net/botswana-notes-records,botswana-notes-records-index-recent.xlsx
Botswana Notes & Records,3.0,273.0,An analysis of development agencies in agricultural communities in Botswana,D. Curtis,,yes,https://www.thebotswanasociety.net/botswana-notes-records,botswana-notes-records-index-recent.xlsx
Botswana Notes & Records,3.0,273-275,An analysis of development agencies in agriculture communities in Botswana,D. Curtis,,yes,https://www.thebotswanasociety.net/botswana-notes-records,botswana-notes-records-index-recent.xlsx
Botswana Notes & Records,3.0,64-69,Chief Sekgoma Letsholathebe II: rebel or 20th century nationalist?,J.M. Chirenje,,yes,https://www.thebotswanasociety.net/botswana-notes-records,botswana-notes-records-index-recent.xlsx
Botswana Notes & Records,3.0,59-63,Church and chief in the colonial era: a local study (Kgatleng 1934-58),S. Grant,1934,yes,https://www.thebotswanasociety.net/botswana-notes-records,botswana-notes-records-index-recent.xlsx
Botswana Notes & Records,3.0,59-63,Church and Chief in the colonial era: a local study (Kgatleng 1934-58),S. Grant,1934,yes,https://www.thebotswanasociety.net/botswana-notes-records,botswana-notes-records-index-recent.xlsx
Botswana Notes & Records,3.0,157-164,Ecological constraint on rural development in Botswana,B.H. Wilson,,yes,https://www.thebotswanasociety.net/botswana-notes-records,botswana-notes-records-index-recent.xlsx
Botswana Notes & Records,3.0,157-164,Ecological constraint on rural development in Botswana,G. Child,,yes,https://www.thebotswanasociety.net/botswana-notes-records,botswana-notes-records-index-recent.xlsx
Botswana Notes & Records,3.0,157-164,Ecological constraints on rural development in Botswana,G. Child,,yes,https://www.thebotswanasociety.net/botswana-notes-records,botswana-notes-records-index-recent.xlsx
Botswana Notes & Records,3.0,169-171,Environmental constraint to livestock production,K.E Butler,,yes,https://www.thebotswanasociety.net/botswana-notes-records,botswana-notes-records-index-recent.xlsx
Botswana Notes & Records,3.0,169-171,Environmental constraints to livestock production,E.G. van Voorthuizen,,yes,https://www.thebotswanasociety.net/botswana-notes-records,botswana-notes-records-index-recent.xlsx
Botswana Notes & Records,3.0,169-171,Environmental constraints to livestock production,K.E. Butler,,yes,https://www.thebotswanasociety.net/botswana-notes-records,botswana-notes-records-index-recent.xlsx
Botswana Notes & Records,3.0,172-187,Land and Population,H.A. Fosbrooke,,yes,https://www.thebotswanasociety.net/botswana-notes-records,botswana-notes-records-index-recent.xlsx
Botswana Notes & Records,3.0,172-187,Land and population,H.A. Fosbrooke,,yes,https://www.thebotswanasociety.net/botswana-notes-records,botswana-notes-records-index-recent.xlsx
Botswana Notes & Records,3.0,27-31,Notes of an iron age settlement on Motsenekatse Hill (Molapowabojang),R. Pahl,,yes,https://www.thebotswanasociety.net/botswana-notes-records,botswana-notes-records-index-recent.xlsx
Botswana Notes & Records,3.0,275-276,Notes on research on relations between the Bechuanaland Protectorate and South Africa. 1945-66,R. Dale,1945,yes,https://www.thebotswanasociety.net/botswana-notes-records,botswana-notes-records-index-recent.xlsx
Botswana Notes & Records,3.0,275-276,"Notes on research on relations between the Bechuanaland Protectorate of South Africa, 1945-66",R. Dale,1945,yes,https://www.thebotswanasociety.net/botswana-notes-records,botswana-notes-records-index-recent.xlsx
Botswana Notes & Records,3.0,70-73,Problems for research in Tswana history (Sotho/Nguni and settlement),M. Wilson,,yes,https://www.thebotswanasociety.net/botswana-notes-records,botswana-notes-records-index-recent.xlsx
Botswana Notes & Records,3.0,219-268,"Report and recommendations submitted to the Bechuanaland Protectorate adinistration on the native land proplem in the Tati District, 1943",I. Schapera,1943,yes,https://www.thebotswanasociety.net/botswana-notes-records,botswana-notes-records-index-recent.xlsx
Botswana Notes & Records,3.0,219-268,"Report and recommendations submitted to the Bechuanaland Protectorate administration on the native land problem in the Tati district, 1943",I. Schapera,1943,yes,https://www.thebotswanasociety.net/botswana-notes-records,botswana-notes-records-index-recent.xlsx
Botswana Notes & Records,3.0,155-273,Rural Development Conference (Proceedings) --see Botswana Notes and Records vol.3,,,yes,https://www.thebotswanasociety.net/botswana-notes-records,botswana-notes-records-index-recent.xlsx
Botswana Notes & Records,3.0,198-199,The economics of village development,T.S. Madisa,,yes,https://www.thebotswanasociety.net/botswana-notes-records,botswana-notes-records-index-recent.xlsx
Botswana Notes & Records,3.0,198-200,The economics of village development,T.S. Madisa,,yes,https://www.thebotswanasociety.net/botswana-notes-records,botswana-notes-records-index-recent.xlsx
Botswana Notes & Records,3.0,32-36,The general election of 1969,W.J.A. Macartney,1969,yes,https://www.thebotswanasociety.net/botswana-notes-records,botswana-notes-records-index-recent.xlsx
Botswana Notes & Records,3.0,43470.0,The historical background of the Tswana 'centenary' New Testament,A. Sandilands,,yes,https://www.thebotswanasociety.net/botswana-notes-records,botswana-notes-records-index-recent.xlsx
Botswana Notes & Records,3.0,43470.0,The historical background of the Tswana centenary New Testament,A. Sandilands,,yes,https://www.thebotswanasociety.net/botswana-notes-records,botswana-notes-records-index-recent.xlsx
Botswana Notes & Records,3.0,43470.0,The historical background of the Tswana Centenary New Testament,A. Sandilands,,yes,https://www.thebotswanasociety.net/botswana-notes-records,botswana-notes-records-index-recent.xlsx
Botswana Notes & Records,3.0,79-90,The history of Botswana through oral traditions (Ngamiland),T. Tlou,,yes,https://www.thebotswanasociety.net/botswana-notes-records,botswana-notes-records-index-recent.xlsx
Botswana Notes & Records,3.0,165-168,The influence of environmental factors on arable agriculture in Botswana,P. Weare,,yes,https://www.thebotswanasociety.net/botswana-notes-records,botswana-notes-records-index-recent.xlsx
Botswana Notes & Records,3.0,165-168,The influence of environmental factors on arable agriculture in Botswana,G.E. Gibbs & H.M. Biegel,,yes,https://www.thebotswanasociety.net/botswana-notes-records,botswana-notes-records-index-recent.xlsx
Botswana Notes & Records,3.0,43820.0,"The recording of customary law, with appendix",S. Roberts,,yes,https://www.thebotswanasociety.net/botswana-notes-records,botswana-notes-records-index-recent.xlsx
Botswana Notes & Records,3.0,188-191,The role of tradition in development,H.A. Fosbrooke,,yes,https://www.thebotswanasociety.net/botswana-notes-records,botswana-notes-records-index-recent.xlsx
Botswana Notes & Records,3.0,188-191,The role of traditional in rural development,H.A. Fosbrooke,,yes,https://www.thebotswanasociety.net/botswana-notes-records,botswana-notes-records-index-recent.xlsx
Botswana Notes & Records,4.0,292-302,A list of reports on Botswana in the Library of the Ministry of Finance and Development Planning: a supplement,B. Winstanley,,yes,https://www.thebotswanasociety.net/botswana-notes-records,botswana-notes-records-index-recent.xlsx
Botswana Notes & Records,4.0,31-37,Aspects of the 1971 Census on Botswana,M.D. Crone,1971,yes,https://www.thebotswanasociety.net/botswana-notes-records,botswana-notes-records-index-recent.xlsx
Botswana Notes & Records,4.0,279.0,Botswana: Resources and Development by P. Smit,P. Landell-Mills,,yes,https://www.thebotswanasociety.net/botswana-notes-records,botswana-notes-records-index-recent.xlsx
Botswana Notes & Records,4.0,273.0,Church and chief in the colonial era: a reply,W.L. Maree,,yes,https://www.thebotswanasociety.net/botswana-notes-records,botswana-notes-records-index-recent.xlsx
Botswana Notes & Records,4.0,273.0,Church and Chief in the colonial era: A reply,W.L. Maree,,yes,https://www.thebotswanasociety.net/botswana-notes-records,botswana-notes-records-index-recent.xlsx
Botswana Notes & Records,4.0,43485.0,Development in Botswana during the first UN development decade,C. Roland,,yes,https://www.thebotswanasociety.net/botswana-notes-records,botswana-notes-records-index-recent.xlsx
Botswana Notes & Records,4.0,43485.0,Development in Botswana during the first UN development decade,C. Ronald,,yes,https://www.thebotswanasociety.net/botswana-notes-records,botswana-notes-records-index-recent.xlsx
Botswana Notes & Records,4.0,135-136,History and pre-history in Botswana,V. Ellenberger,,yes,https://www.thebotswanasociety.net/botswana-notes-records,botswana-notes-records-index-recent.xlsx
Botswana Notes & Records,4.0,265.0,History of the Botswana veterinary services: a note,E.S. Dawe,,yes,https://www.thebotswanasociety.net/botswana-notes-records,botswana-notes-records-index-recent.xlsx
Botswana Notes & Records,4.0,282-284,Notes on the history of the DR Mission at Mochudi,M. Schiele,,yes,https://www.thebotswanasociety.net/botswana-notes-records,botswana-notes-records-index-recent.xlsx
Botswana Notes & Records,4.0,282-284,Notes on the History of thr DR Mission at Mochudi,M. Schiele,,yes,https://www.thebotswanasociety.net/botswana-notes-records,botswana-notes-records-index-recent.xlsx
Botswana Notes & Records,4.0,241-251,"Planning of water, power, transportation and township facilities for the Shashe project",R.J. White,,yes,https://www.thebotswanasociety.net/botswana-notes-records,botswana-notes-records-index-recent.xlsx
Botswana Notes & Records,4.0,95-99,Secondary education in Botswana: a partisan view,M. Thompson,,yes,https://www.thebotswanasociety.net/botswana-notes-records,botswana-notes-records-index-recent.xlsx
Botswana Notes & Records,4.0,195-209,The Boer War as seen from Gaborone,D. Will & T. Dent,,yes,https://www.thebotswanasociety.net/botswana-notes-records,botswana-notes-records-index-recent.xlsx
Botswana Notes & Records,4.0,104-109,The development if Setswana,M.L.A. Kgasa,,yes,https://www.thebotswanasociety.net/botswana-notes-records,botswana-notes-records-index-recent.xlsx
Botswana Notes & Records,4.0,107-109,The development of Setswana,M.L.A. Kgasa,,yes,https://www.thebotswanasociety.net/botswana-notes-records,botswana-notes-records-index-recent.xlsx
Botswana Notes & Records,4.0,81-93,The history of community development in Botswana,P. Wass,,yes,https://www.thebotswanasociety.net/botswana-notes-records,botswana-notes-records-index-recent.xlsx
Botswana Notes & Records,4.0,253-255,Water and its role in natural conservation and wildlife management,G. Child,,yes,https://www.thebotswanasociety.net/botswana-notes-records,botswana-notes-records-index-recent.xlsx
Botswana Notes & Records,5.0,131.0,A note on episodes from the Boer War,A.K. Pilane,,yes,https://www.thebotswanasociety.net/botswana-notes-records,botswana-notes-records-index-recent.xlsx
Botswana Notes & Records,5.0,26-36,An assessment of the importance of (social) institutions and institutional framework in development,H.A. Fosbrooke,,yes,https://www.thebotswanasociety.net/botswana-notes-records,botswana-notes-records-index-recent.xlsx
Botswana Notes & Records,5.0,217.0,Correspondence on the repost of the population Census '71,A. Sillery & I. Schapera,,yes,https://www.thebotswanasociety.net/botswana-notes-records,botswana-notes-records-index-recent.xlsx
Botswana Notes & Records,5.0,52-63,Legal development in Botswana for 1885-1966,A. Aguda,1885;1966,yes,https://www.thebotswanasociety.net/botswana-notes-records,botswana-notes-records-index-recent.xlsx
Botswana Notes & Records,5.0,52-63,Legal development in Botswana form 1885-1966,A. Aguda,1885;1966,yes,https://www.thebotswanasociety.net/botswana-notes-records,botswana-notes-records-index-recent.xlsx
Botswana Notes & Records,5.0,209-213,Life history and economy value of the springhare (Padetes capensis forster) in Botswana,T. Butynski,,yes,https://www.thebotswanasociety.net/botswana-notes-records,botswana-notes-records-index-recent.xlsx
Botswana Notes & Records,5.0,120-122,Notes on early education efforts among the Bakgatla (1900-24),A.K. Pilane,1900,yes,https://www.thebotswanasociety.net/botswana-notes-records,botswana-notes-records-index-recent.xlsx
Botswana Notes & Records,5.0,125-130,Some historical notes on Derdepoort/Sikwane,G.H. J. Teichler,,yes,https://www.thebotswanasociety.net/botswana-notes-records,botswana-notes-records-index-recent.xlsx
Botswana Notes & Records,5.0,37-40,The 1972 cattle sample census,P.T. Nteta,1972,yes,https://www.thebotswanasociety.net/botswana-notes-records,botswana-notes-records-index-recent.xlsx
Botswana Notes & Records,5.0,37-40,The 1972 cattle sample Census,P.T. Nteta,1972,yes,https://www.thebotswanasociety.net/botswana-notes-records,botswana-notes-records-index-recent.xlsx
Botswana Notes & Records,5.0,214-216,The museum service in Botswana,D.A.N. Nteta,,yes,https://www.thebotswanasociety.net/botswana-notes-records,botswana-notes-records-index-recent.xlsx
Botswana Notes & Records,5.0,229-231,Tswana family Law by S. Roberts,V.J.G. Matthews,,yes,https://www.thebotswanasociety.net/botswana-notes-records,botswana-notes-records-index-recent.xlsx
Botswana Notes & Records,6.0,89-115,"A review of Botswana's financial history, 1900-1973",H.C.L. Hermans,1900;1973,yes,https://www.thebotswanasociety.net/botswana-notes-records,botswana-notes-records-index-recent.xlsx
Botswana Notes & Records,6.0,37-45,"A short history of the Bahurutse of King Motebele, senior son of King Mohurutse",J. Mpotokwane,,yes,https://www.thebotswanasociety.net/botswana-notes-records,botswana-notes-records-index-recent.xlsx
Botswana Notes & Records,6.0,179-187,"Brigades, government, enthusiasm and development: a critical view of the Martin Report",W. Henderson,,yes,https://www.thebotswanasociety.net/botswana-notes-records,botswana-notes-records-index-recent.xlsx
Botswana Notes & Records,6.0,179-187,"Brigades, government, enthusiasm and development: a critical view of the Martin report",W. Henderson,,yes,https://www.thebotswanasociety.net/botswana-notes-records,botswana-notes-records-index-recent.xlsx
Botswana Notes & Records,6.0,19-28,History of Botswana sources of information,J.T. Phehane,,yes,https://www.thebotswanasociety.net/botswana-notes-records,botswana-notes-records-index-recent.xlsx
Botswana Notes & Records,6.0,19-28,History of Botswana sources of information,J.T Phehane,,yes,https://www.thebotswanasociety.net/botswana-notes-records,botswana-notes-records-index-recent.xlsx
Botswana Notes & Records,6.0,223-224,Local government and development in Botswana,W.J.A. Macartney,,yes,https://www.thebotswanasociety.net/botswana-notes-records,botswana-notes-records-index-recent.xlsx
Botswana Notes & Records,6.0,43469.0,"Stone age artifacts from Orapa Diamond Mine, Central Botswana",G. Cohen,,yes,https://www.thebotswanasociety.net/botswana-notes-records,botswana-notes-records-index-recent.xlsx
Botswana Notes & Records,6.0,57-75,The nature of Botswana states: towards a theory of Botswana traditional government - The Batswana case,T. Tlou,,yes,https://www.thebotswanasociety.net/botswana-notes-records,botswana-notes-records-index-recent.xlsx
Botswana Notes & Records,6.0,223.0,The origins and development of the pans of the southern Kalahari,I.N. Lancaster,,yes,https://www.thebotswanasociety.net/botswana-notes-records,botswana-notes-records-index-recent.xlsx
Botswana Notes & Records,6.0,218.0,The Oxford Colonial Records project,F.E. Lease,,yes,https://www.thebotswanasociety.net/botswana-notes-records,botswana-notes-records-index-recent.xlsx
Botswana Notes & Records,6.0,218.0,The Oxford Colonial Records project,F.E. Leese,,yes,https://www.thebotswanasociety.net/botswana-notes-records,botswana-notes-records-index-recent.xlsx
Botswana Notes & Records,6.0,77-115,"Towards budgetary independence: a review of Botswana's financial history, 1900-1973",Q. Hermans,1900;1973,yes,https://www.thebotswanasociety.net/botswana-notes-records,botswana-notes-records-index-recent.xlsx
Botswana Notes & Records,7.0,73-77,A note on the 1974 general election in Botswana and the UBLS election study,J. Parson,1974,yes,https://www.thebotswanasociety.net/botswana-notes-records,botswana-notes-records-index-recent.xlsx
Botswana Notes & Records,7.0,203-204,An ecological survey of Chief's Island and the adjacent flood plain,R. Biggs,,yes,https://www.thebotswanasociety.net/botswana-notes-records,botswana-notes-records-index-recent.xlsx
Botswana Notes & Records,7.0,207-211,Botswana: A Short Political History by A. Sillery,R.H. Pahl,,yes,https://www.thebotswanasociety.net/botswana-notes-records,botswana-notes-records-index-recent.xlsx
Botswana Notes & Records,7.0,61-65,Documents of Botswana history: how Rhodes tried to sieze Ngamiland (1894),T. Tlou,1894,yes,https://www.thebotswanasociety.net/botswana-notes-records,botswana-notes-records-index-recent.xlsx
Botswana Notes & Records,7.0,49-52,The Bechuanaland Protectorate participation in pre-1910 Customs Union,S.J. Ettinger,1910,yes,https://www.thebotswanasociety.net/botswana-notes-records,botswana-notes-records-index-recent.xlsx
Botswana Notes & Records,7.0,41-52,The Bechuanaland Protectorate's participation in the 1910 Customs Union,S.J. Ettinger,1910,yes,https://www.thebotswanasociety.net/botswana-notes-records,botswana-notes-records-index-recent.xlsx
Botswana Notes & Records,8.0,63-86,Aspects of the recent history of Ngamiland (c. 1849-1974),D.H. Potten,1849;1974,yes,https://www.thebotswanasociety.net/botswana-notes-records,botswana-notes-records-index-recent.xlsx
Botswana Notes & Records,8.0,297-298,"Basarwa development, North West District",M. Biesele,,yes,https://www.thebotswanasociety.net/botswana-notes-records,botswana-notes-records-index-recent.xlsx
Botswana Notes & Records,8.0,297-298,"Basarwa development, North-west District",M. Biesele,,yes,https://www.thebotswanasociety.net/botswana-notes-records,botswana-notes-records-index-recent.xlsx
Botswana Notes & Records,8.0,301-303,"Migration and adaptation to Francistown, norht-east Botswana",C. Kerven,,yes,https://www.thebotswanasociety.net/botswana-notes-records,botswana-notes-records-index-recent.xlsx
Botswana Notes & Records,8.0,301-303,Migration and adaption to Francistown north-east Botswana,C. Kerven,,yes,https://www.thebotswanasociety.net/botswana-notes-records,botswana-notes-records-index-recent.xlsx
Botswana Notes & Records,8.0,303.0,Population movements and settlement changes in the Kweneng District,R. Silitshena,,yes,https://www.thebotswanasociety.net/botswana-notes-records,botswana-notes-records-index-recent.xlsx
Botswana Notes & Records,9.0,129-137,A decision on factors limiting plant plankton growth in the water of the Okavango Delta,P.E. Reavell,,yes,https://www.thebotswanasociety.net/botswana-notes-records,botswana-notes-records-index-recent.xlsx
Botswana Notes & Records,9.0,129-137,A discussion of factors limiting plant plankton growth in the water of the Okavango Delta,L. Labovitch,,yes,https://www.thebotswanasociety.net/botswana-notes-records,botswana-notes-records-index-recent.xlsx
Botswana Notes & Records,9.0,172.0,Historical Dictionary of the Republic of Botswana by R. Stevens,J.A.V. Rose,,yes,https://www.thebotswanasociety.net/botswana-notes-records,botswana-notes-records-index-recent.xlsx
Botswana Notes & Records,9.0,119-122,Lentswe la Odi Weavers: bold steps in rural development,B.L.B Mushonga,,yes,https://www.thebotswanasociety.net/botswana-notes-records,botswana-notes-records-index-recent.xlsx
Botswana Notes & Records,9.0,119-122,Lentswe la Oodi Weavers: bold steps in rural development,B.L.B. Mushonga,,yes,https://www.thebotswanasociety.net/botswana-notes-records,botswana-notes-records-index-recent.xlsx
Botswana Notes & Records,9.0,167.0,Resource distribution and patterns of land-use in some Bushmen populations of eastern Botswana,"W.J. Chasko, Jnr",,yes,https://www.thebotswanasociety.net/botswana-notes-records,botswana-notes-records-index-recent.xlsx
Botswana Notes & Records,9.0,167.0,"Resources, distribution and patterns of land-us in some Bushmen populations of eastern Botswana","W.J. Chasko, Jnr",,yes,https://www.thebotswanasociety.net/botswana-notes-records,botswana-notes-records-index-recent.xlsx
Botswana Notes & Records,9.0,41-48,The Kweneng in the colonial era: a brief economic history,W. Duggan,,yes,https://www.thebotswanasociety.net/botswana-notes-records,botswana-notes-records-index-recent.xlsx
Botswana Notes & Records,9.0,91-100,"Urban migration in Botswana: Gaborone, December 1975",B. Stephens,1975,yes,https://www.thebotswanasociety.net/botswana-notes-records,botswana-notes-records-index-recent.xlsx
Botswana Notes & Records,9.0,91-100,"Urban migration in Botswana: Gaborone, December, 1975",B. Stephens,1975,yes,https://www.thebotswanasociety.net/botswana-notes-records,botswana-notes-records-index-recent.xlsx
Botswana Notes & Records,10.0,95-98,A case of colonial collaboration: the hut tax and migrant labour,D. Massey,,yes,https://www.thebotswanasociety.net/botswana-notes-records,botswana-notes-records-index-recent.xlsx
Botswana Notes & Records,10.0,95-98,A case of colonial collaboration: the Hut Tax and migrant labour,D. Massey,,yes,https://www.thebotswanasociety.net/botswana-notes-records,botswana-notes-records-index-recent.xlsx
Botswana Notes & Records,10.0,99-112,Mine labour recruitment in the Bechuanalanad Protectorate,J. Taylor,,yes,https://www.thebotswanasociety.net/botswana-notes-records,botswana-notes-records-index-recent.xlsx
Botswana Notes & Records,10.0,99-112,Mine labour recruitment in the Bechuanaland Protectorate,J.V. Taylor,,yes,https://www.thebotswanasociety.net/botswana-notes-records,botswana-notes-records-index-recent.xlsx
Botswana Notes & Records,10.0,99-112,Mine labour recruitment in the Bechuanaland Protectorate,J. Taylor,,yes,https://www.thebotswanasociety.net/botswana-notes-records,botswana-notes-records-index-recent.xlsx
Botswana Notes & Records,10.0,43603.0,Prehistoric and historic antecedents of a contemporary Ngami-land community (Nxai Nxai),E.N. Wilmsen,,yes,https://www.thebotswanasociety.net/botswana-notes-records,botswana-notes-records-index-recent.xlsx
Botswana Notes & Records,10.0,91-94,Some problems in library development in Botswana,HY.K. Raseroka,,yes,https://www.thebotswanasociety.net/botswana-notes-records,botswana-notes-records-index-recent.xlsx
Botswana Notes & Records,10.0,81-90,The performing arts: culture as a tool for development in Botswana (Ladza Bantanani popular theatre),M.L. Bruam & R. Kidd,,yes,https://www.thebotswanasociety.net/botswana-notes-records,botswana-notes-records-index-recent.xlsx
Botswana Notes & Records,10.0,81-90,The performing arts: cultures as a tool for development in Botswana ( Laedza Bantanani/popluar theatre),M.L Byram & R. Kidd,,yes,https://www.thebotswanasociety.net/botswana-notes-records,botswana-notes-records-index-recent.xlsx
Botswana Notes & Records,10.0,159-168,The tribal grazing Land Policy and intergrated land-use planning: a district view (Central District),T. Greenbow,,yes,https://www.thebotswanasociety.net/botswana-notes-records,botswana-notes-records-index-recent.xlsx
Botswana Notes & Records,10.0,159-168,The Tribal Grazing Lands Policy and integrated land use planning: a district view (Central District),T. Greenhow,,yes,https://www.thebotswanasociety.net/botswana-notes-records,botswana-notes-records-index-recent.xlsx
Botswana Notes & Records,11.0,77-88,Employment creation and development in Kanye,R. Colin,,yes,https://www.thebotswanasociety.net/botswana-notes-records,botswana-notes-records-index-recent.xlsx
Botswana Notes & Records,11.0,139.0,International Labour migration and it's efect on rural development in Botswana (Kgatleng),D. Massey,,yes,https://www.thebotswanasociety.net/botswana-notes-records,botswana-notes-records-index-recent.xlsx
Botswana Notes & Records,11.0,139.0,International labour migration and its effect on rural development in Botswana (Kgatleng),D. Massey,,yes,https://www.thebotswanasociety.net/botswana-notes-records,botswana-notes-records-index-recent.xlsx
Botswana Notes & Records,11.0,132-133,Investigation into factors affecting community development among the Balete,S.A. Allen,,yes,https://www.thebotswanasociety.net/botswana-notes-records,botswana-notes-records-index-recent.xlsx
Botswana Notes & Records,11.0,140.0,The history of Herero settlement in Botswana,K. Alnaes,,yes,https://www.thebotswanasociety.net/botswana-notes-records,botswana-notes-records-index-recent.xlsx
Botswana Notes & Records,11.0,140.0,The history of Herero settlemnt in Botswana,K. Alnaes,,yes,https://www.thebotswanasociety.net/botswana-notes-records,botswana-notes-records-index-recent.xlsx
Botswana Notes & Records,11.0,129.0,The rural-urban migration of women: the case of female household-heads and movement to Gaborone,W.J. Izzard,,yes,https://www.thebotswanasociety.net/botswana-notes-records,botswana-notes-records-index-recent.xlsx
Botswana Notes & Records,12.0,137-149,Basarwa settlement patterns in the Ghanzi ranching area,A. Barnard,,yes,https://www.thebotswanasociety.net/botswana-notes-records,botswana-notes-records-index-recent.xlsx
Botswana Notes & Records,12.0,83-87,Notes on the early history of the Kwena (Bakwena - bagaSechele),I. Schapera,,yes,https://www.thebotswanasociety.net/botswana-notes-records,botswana-notes-records-index-recent.xlsx
Botswana Notes & Records,12.0,175-176,Rural-urban movement among Botswana's skilled manpower,M. Bell,,yes,https://www.thebotswanasociety.net/botswana-notes-records,botswana-notes-records-index-recent.xlsx
Botswana Notes & Records,12.0,41-47,"The non-government contribution to development in Botswana, 1962-1980",S. Grant,1962;1980,yes,https://www.thebotswanasociety.net/botswana-notes-records,botswana-notes-records-index-recent.xlsx
Botswana Notes & Records,13.0,37-47,Adult education research and evaluation in Botswana: the role if the Institute of Adult Education,B. Mackenzie,,yes,https://www.thebotswanasociety.net/botswana-notes-records,botswana-notes-records-index-recent.xlsx
Botswana Notes & Records,13.0,67-77,Adult education research and evaluation in Botswana: the role of the institute of adult education,B. Mackenzie,,yes,https://www.thebotswanasociety.net/botswana-notes-records,botswana-notes-records-index-recent.xlsx
Botswana Notes & Records,13.0,55-59,Do the poor benefit from publicly provided water in the rural areas?,L. Fortmann,,yes,https://www.thebotswanasociety.net/botswana-notes-records,botswana-notes-records-index-recent.xlsx
Botswana Notes & Records,13.0,79-86,Educational development in Chobe (1927-76),A.W. Sail,1927,yes,https://www.thebotswanasociety.net/botswana-notes-records,botswana-notes-records-index-recent.xlsx
Botswana Notes & Records,13.0,89-100,Introduction to the History of the administration of justice in the Republic of Botswana,B. Forster,,yes,https://www.thebotswanasociety.net/botswana-notes-records,botswana-notes-records-index-recent.xlsx
Botswana Notes & Records,13.0,89-100,Introduction to the history of the administration of justice of the Republic of Botswana (1891-1966),B. Forster,1891;1966,yes,https://www.thebotswanasociety.net/botswana-notes-records,botswana-notes-records-index-recent.xlsx
Botswana Notes & Records,13.0,87-88,Non formal educaton and development,E.K. Townsend-Coles,,yes,https://www.thebotswanasociety.net/botswana-notes-records,botswana-notes-records-index-recent.xlsx
Botswana Notes & Records,13.0,87-88,Non-formal education and development,E.K. Townsend-Coles,,yes,https://www.thebotswanasociety.net/botswana-notes-records,botswana-notes-records-index-recent.xlsx
Botswana Notes & Records,13.0,13-18,Past climates and present ground-water supplies in the Bechuana-land Protectorate,E.J. Wayland ed. J. Denbow,,yes,https://www.thebotswanasociety.net/botswana-notes-records,botswana-notes-records-index-recent.xlsx
Botswana Notes & Records,13.0,13-18,Past climates and present groundwater supplies in the Bechuanaland Protectorate,E.J. Wayland ed J. Denbow,,yes,https://www.thebotswanasociety.net/botswana-notes-records,botswana-notes-records-index-recent.xlsx
Botswana Notes & Records,13.0,13-18,Past climates and present groundwater supplies in the Bechuanaland Protectorate,"E.J. Wayland, ed. J. Denbow",,yes,https://www.thebotswanasociety.net/botswana-notes-records,botswana-notes-records-index-recent.xlsx
Botswana Notes & Records,13.0,33-43,The impact of migrant labour on th economy of Kweneng 1940-1980,M. Leepile,1940;1980,yes,https://www.thebotswanasociety.net/botswana-notes-records,botswana-notes-records-index-recent.xlsx
Botswana Notes & Records,13.0,33-43,The impact of migrant labour on the economy of Kweneng 1940-1980,M. Leepile,1940;1980,yes,https://www.thebotswanasociety.net/botswana-notes-records,botswana-notes-records-index-recent.xlsx
Botswana Notes & Records,13.0,34-43,The impact of migrant labour on the economy of Kweneng 1940-1980,M. Leepile,1940;1980,yes,https://www.thebotswanasociety.net/botswana-notes-records,botswana-notes-records-index-recent.xlsx
Botswana Notes & Records,13.0,33-43,The impact of migration labour,M. Leepile,,yes,https://www.thebotswanasociety.net/botswana-notes-records,botswana-notes-records-index-recent.xlsx
Botswana Notes & Records,13.0,25-30,The real earnings of civil servants in central government since independence: post colonialism and wages ploicy,G. Shuttleworth,,yes,https://www.thebotswanasociety.net/botswana-notes-records,botswana-notes-records-index-recent.xlsx
Botswana Notes & Records,13.0,25-30,The real earnings of civil servants in central government since independence: post colonialism and wages policy,G. Shuttleworth,,yes,https://www.thebotswanasociety.net/botswana-notes-records,botswana-notes-records-index-recent.xlsx
Botswana Notes & Records,14.0,51-58,Agricultural research for development of small farmers: a closer look at traditional technology,C. Lightfoot,,yes,https://www.thebotswanasociety.net/botswana-notes-records,botswana-notes-records-index-recent.xlsx
Botswana Notes & Records,14.0,50-58,Agriculture Research for development of small farmers: a closer look at traditions technology,C. Lightfoot,,yes,https://www.thebotswanasociety.net/botswana-notes-records,botswana-notes-records-index-recent.xlsx
Botswana Notes & Records,14.0,30-34,Second thoughts on the history of Botswana arable agricluture,E. Roe,,yes,https://www.thebotswanasociety.net/botswana-notes-records,botswana-notes-records-index-recent.xlsx
Botswana Notes & Records,14.0,30-34,Second thoughts on the history of Botswsan arable Agriculture,E. Roe,,yes,https://www.thebotswanasociety.net/botswana-notes-records,botswana-notes-records-index-recent.xlsx
Botswana Notes & Records,14.0,35-45,The evolution of agriculture co-operatives and government ploicy in Botwana,R.G. Morgan,,yes,https://www.thebotswanasociety.net/botswana-notes-records,botswana-notes-records-index-recent.xlsx
Botswana Notes & Records,14.0,35-45,The evolution of agriculture co-operatives and government policy in Botswana,R.G Morgan,,yes,https://www.thebotswanasociety.net/botswana-notes-records,botswana-notes-records-index-recent.xlsx
Botswana Notes & Records,14.0,35-45,The evolution of agriculture co-operatives and government policy in Botswana,R.G. Morgan,,yes,https://www.thebotswanasociety.net/botswana-notes-records,botswana-notes-records-index-recent.xlsx
Botswana Notes & Records,14.0,26-29,What people do when crops fail: impacts of the 1979 drought in Kgatleng,J.B.Opschoor & D.L. Kgathi,1979,yes,https://www.thebotswanasociety.net/botswana-notes-records,botswana-notes-records-index-recent.xlsx
Botswana Notes & Records,14.0,26-29,What people do when crops fail: impacts of the 1979 drought in Kgatleng,J.B. Opschoor & D.L. Kgathi,1979,yes,https://www.thebotswanasociety.net/botswana-notes-records,botswana-notes-records-index-recent.xlsx
Botswana Notes & Records,15.0,49-57,"Articulation of the modes of production and the development of a labour reservoir in Southern Africa, 1885-1944: the case of Bechuanaland",N.S. Mudzingganyama,1885;1944,yes,https://www.thebotswanasociety.net/botswana-notes-records,botswana-notes-records-index-recent.xlsx
Botswana Notes & Records,15.0,49-57,"Articulation of the modes of production and the development of a labour reservoir in Southern Africa, 1885-1944: the case of Bechuanaland",N.S. Mudzinganyama,1885;1944,yes,https://www.thebotswanasociety.net/botswana-notes-records,botswana-notes-records-index-recent.xlsx
Botswana Notes & Records,15.0,79-84,Fluctuations in the level of Lake Ngami: the historical evidence (1849-1983),P. Shaw,1849;1983,yes,https://www.thebotswanasociety.net/botswana-notes-records,botswana-notes-records-index-recent.xlsx
Botswana Notes & Records,15.0,103-104,Report of the institute of Adult education survey of handicrafts in the North East District,H. Rosser,,yes,https://www.thebotswanasociety.net/botswana-notes-records,botswana-notes-records-index-recent.xlsx
Botswana Notes & Records,15.0,103-104,Report on the Institute of adult education survey of handicrafts in north east district,H. Rosser,,yes,https://www.thebotswanasociety.net/botswana-notes-records,botswana-notes-records-index-recent.xlsx
Botswana Notes & Records,15.0,75-78,The evolution of agricultural co-operatives and government policy in Botswana,E. Goodstein,,yes,https://www.thebotswanasociety.net/botswana-notes-records,botswana-notes-records-index-recent.xlsx
Botswana Notes & Records,15.0,43722.0,The family and national development in Botswana: a plea for research,T. Fako,,yes,https://www.thebotswanasociety.net/botswana-notes-records,botswana-notes-records-index-recent.xlsx
Botswana Notes & Records,15.0,15-38,"The system of land tenure of the Barolong farms (Bechuanaland Protectorate): report and recommendations submitted to the B.P. administration, June 1943",I. Schapera,1943,yes,https://www.thebotswanasociety.net/botswana-notes-records,botswana-notes-records-index-recent.xlsx
Botswana Notes & Records,15.0,15-38,"The system of land tenure on the Barolong Farms (Bechuanaland Protectorate): Report and recommendation submitted to the B.P. administration, June 1943",I. Schapera,1943,yes,https://www.thebotswanasociety.net/botswana-notes-records,botswana-notes-records-index-recent.xlsx
Botswana Notes & Records,15.0,15-38,The system of land tenure on the Barolong farms (Bechuanaland Protectorate): report and recommendations submitted to the B.P. administration June 1943,I. Schapera,1943,yes,https://www.thebotswanasociety.net/botswana-notes-records,botswana-notes-records-index-recent.xlsx
Botswana Notes & Records,15.0,15-38,"The system of land tenure on the Barolong Farms (Bechuanaland Protectorate): report and recommendations submitted to the B.P. administration, June 1943",I. Schapera,1943,yes,https://www.thebotswanasociety.net/botswana-notes-records,botswana-notes-records-index-recent.xlsx
Botswana Notes & Records,16.0,47-52,A chronological career summary: Chief Linchwe II Kgafela,S. Grant,,yes,https://www.thebotswanasociety.net/botswana-notes-records,botswana-notes-records-index-recent.xlsx
Botswana Notes & Records,16.0,127-130,A historical note of the outflows of the Okavango Delta system,P. Shaw,,yes,https://www.thebotswanasociety.net/botswana-notes-records,botswana-notes-records-index-recent.xlsx
Botswana Notes & Records,16.0,127-130,A historical note on the outflows of the Okavango Delta system,P. Shaw,,yes,https://www.thebotswanasociety.net/botswana-notes-records,botswana-notes-records-index-recent.xlsx
Botswana Notes & Records,16.0,85-96,Administrative reorganisation - a substitute for policy? The district administration and local government in the Bechuanaland Protectorate 1949-1966,L.A. Picard,1949;1966,yes,https://www.thebotswanasociety.net/botswana-notes-records,botswana-notes-records-index-recent.xlsx
Botswana Notes & Records,16.0,85-96,"Administrative reorganization - a substitute for policy? The district administration and local government in the Bechuanaland Protectorate, 1949-1966",L.A. Picard,1949;1966,yes,https://www.thebotswanasociety.net/botswana-notes-records,botswana-notes-records-index-recent.xlsx
Botswana Notes & Records,16.0,Back pouch,Bechuanaland Protectorate (1935) 1:1 250 000 Map (1984 reprint),,1935;1984,yes,https://www.thebotswanasociety.net/botswana-notes-records,botswana-notes-records-index-recent.xlsx
Botswana Notes & Records,16.0,19-35,Study of the linguistic and ethno-history of of the Khoe-speaking (central Khoisan) peoples of Botwana: research in progress,R. Vossen,,yes,https://www.thebotswanasociety.net/botswana-notes-records,botswana-notes-records-index-recent.xlsx
Botswana Notes & Records,16.0,19-35,Study the linguistic and ethno-history of the Khoe-speaking (Central Kwiosan) peoples of Botswana: research in progress,R. Vossen,,yes,https://www.thebotswanasociety.net/botswana-notes-records,botswana-notes-records-index-recent.xlsx
Botswana Notes & Records,16.0,19-35,Study the linguistics and ethno-history of the Khoe-speaking (Central Khoesan) peoples of Botswana: research in progress,R. Vossen,,yes,https://www.thebotswanasociety.net/botswana-notes-records,botswana-notes-records-index-recent.xlsx
Botswana Notes & Records,16.0,19-35,Studying the Linguistic and ethno-history of the Khoe-speaking (central Khoisan) peoples of Botswana: research in progress,R. Vossen,,yes,https://www.thebotswanasociety.net/botswana-notes-records,botswana-notes-records-index-recent.xlsx
Botswana Notes & Records,16.0,73-84,The development of transport infrastructure in the Bechuanaland Protectorate 1885-1966,B.N. Ngwenya,1885;1966,yes,https://www.thebotswanasociety.net/botswana-notes-records,botswana-notes-records-index-recent.xlsx
Botswana Notes & Records,16.0,73-84,The development of transport structure in the Bechuanaland Protectorate 1885-1966,B.N. Ngwenya,1885;1966,yes,https://www.thebotswanasociety.net/botswana-notes-records,botswana-notes-records-index-recent.xlsx
Botswana Notes & Records,16.0,67-71,"The impact of the Second World War on the development of peasant agriculture in Botswana, 1939 - 1956",H.H.K. Bhila,1939;1956,yes,https://www.thebotswanasociety.net/botswana-notes-records,botswana-notes-records-index-recent.xlsx
Botswana Notes & Records,16.0,63-71,"The impact of the Second World War on the development of peasant agriculture in Botswana, 1939 - 1956",H.H.K. Bhila,1939;1956,yes,https://www.thebotswanasociety.net/botswana-notes-records,botswana-notes-records-index-recent.xlsx
Botswana Notes & Records,16.0,63-71,The impact of the second world war on the development of the peasant agriculture in Botswana,H.H.K. Bhila,,yes,https://www.thebotswanasociety.net/botswana-notes-records,botswana-notes-records-index-recent.xlsx
Botswana Notes & Records,17.0,47-52,A chronological career summary: Chief Linchwe II Kgafela,S. Grant,,yes,https://www.thebotswanasociety.net/botswana-notes-records,botswana-notes-records-index-recent.xlsx
Botswana Notes & Records,17.0,89-98,The migration element in the 1981 Botswana census,J.Taylor,1981,yes,https://www.thebotswanasociety.net/botswana-notes-records,botswana-notes-records-index-recent.xlsx
Botswana Notes & Records,18.0,107-113,Drinking water for Nata - an alternative strategy,H. Friederich & J. Gould,,yes,https://www.thebotswanasociety.net/botswana-notes-records,botswana-notes-records-index-recent.xlsx
Botswana Notes & Records,18.0,107-113,Drinking water for Nata- an alternative strategy,H. Frederich & J. Gould,,yes,https://www.thebotswanasociety.net/botswana-notes-records,botswana-notes-records-index-recent.xlsx
Botswana Notes & Records,18.0,133-137,Land shortage: the need for comprehensive land use planning,J. Arntzen,,yes,https://www.thebotswanasociety.net/botswana-notes-records,botswana-notes-records-index-recent.xlsx
Botswana Notes & Records,18.0,91-105,Sandveld agriculture in Botswana,R.K. Hitchcock,,yes,https://www.thebotswanasociety.net/botswana-notes-records,botswana-notes-records-index-recent.xlsx
Botswana Notes & Records,18.0,91-105,Sanveld agriculture in Botswana,R.K. Hitchcock,,yes,https://www.thebotswanasociety.net/botswana-notes-records,botswana-notes-records-index-recent.xlsx
Botswana Notes & Records,18.0,55-61,The treasure chest of the Orapa diamond mine (fossil remains),P. Vujarovic,,yes,https://www.thebotswanasociety.net/botswana-notes-records,botswana-notes-records-index-recent.xlsx
Botswana Notes & Records,18.0,55-61,The treasure chest of the Orapa diamond mine (fossil remains),R.J. Rayner & I.J. McKay,,yes,https://www.thebotswanasociety.net/botswana-notes-records,botswana-notes-records-index-recent.xlsx
Botswana Notes & Records,19.0,173-174,A note of livestock marketing problems of small holders in Botswana,M. Crowder,,yes,https://www.thebotswanasociety.net/botswana-notes-records,botswana-notes-records-index-recent.xlsx
Botswana Notes & Records,19.0,175.0,A profile of environmental and development in Botswana (Note),J. Arntzen,,yes,https://www.thebotswanasociety.net/botswana-notes-records,botswana-notes-records-index-recent.xlsx
Botswana Notes & Records,19.0,75-82,The development of a land use/ land cover classification system and an application of its usage in Botswana,S. Ringrose,,yes,https://www.thebotswanasociety.net/botswana-notes-records,botswana-notes-records-index-recent.xlsx
Botswana Notes & Records,19.0,75-82,The development of land use/land cover classification syatem and an application of its usage in Botswana,D.L. Kgathi,,yes,https://www.thebotswanasociety.net/botswana-notes-records,botswana-notes-records-index-recent.xlsx
Botswana Notes & Records,19.0,129-135,The mosaic of Botswana maintenance law,A. Molokomme,,yes,https://www.thebotswanasociety.net/botswana-notes-records,botswana-notes-records-index-recent.xlsx
Botswana Notes & Records,19.0,129-135,The mosiac of Botswana maintenance law,A. Mokokomme,,yes,https://www.thebotswanasociety.net/botswana-notes-records,botswana-notes-records-index-recent.xlsx
Botswana Notes & Records,20.0,149-150,Research and development in Botswana's Remote areas: a research note,R.K. Hitchcock,,yes,https://www.thebotswanasociety.net/botswana-notes-records,botswana-notes-records-index-recent.xlsx
Botswana Notes & Records,20.0,146-150,Research and development in Botswana's remote areas: A research note,R.K. Hitchcock,,yes,https://www.thebotswanasociety.net/botswana-notes-records,botswana-notes-records-index-recent.xlsx
Botswana Notes & Records,20.0,144-150,Research and development in Botwana's remote areas: a research note,R.K. Hitchcock,,yes,https://www.thebotswanasociety.net/botswana-notes-records,botswana-notes-records-index-recent.xlsx
Botswana Notes & Records,20.0,155-159,Some effects of the 1981-87 drought on woody plants in Botswana,S. Mpuchane and L. Zinzombe,1981,yes,https://www.thebotswanasociety.net/botswana-notes-records,botswana-notes-records-index-recent.xlsx
Botswana Notes & Records,20.0,91-94,Some notes on the colonial era history of the central Kalahari Game Reserve region,J. Ramsay,,yes,https://www.thebotswanasociety.net/botswana-notes-records,botswana-notes-records-index-recent.xlsx
Botswana Notes & Records,20.0,91-94,Some notes on the colonial era: history of the central Kalahari Game Reserve Region,J. Ramsay,,yes,https://www.thebotswanasociety.net/botswana-notes-records,botswana-notes-records-index-recent.xlsx
Botswana Notes & Records,20.0,91-94,Some notes on the colonial history of the central Kalahari Game Reserve region,J. Ramsay,,yes,https://www.thebotswanasociety.net/botswana-notes-records,botswana-notes-records-index-recent.xlsx
Botswana Notes & Records,21.0,93-101,"Solar desalination in the provision of drinking water to small settlements in the Kgalagadi desert, Botswana","T. Woto, Jnr",,yes,https://www.thebotswanasociety.net/botswana-notes-records,botswana-notes-records-index-recent.xlsx
Botswana Notes & Records,21.0,43-60,"The history of the Herero in Mahalapye, Central District",B.B. Kebonang,,yes,https://www.thebotswanasociety.net/botswana-notes-records,botswana-notes-records-index-recent.xlsx
Botswana Notes & Records,21.0,43473.0,The Pre-Development Archaeology Programme,C. van Waarden,,yes,https://www.thebotswanasociety.net/botswana-notes-records,botswana-notes-records-index-recent.xlsx
Botswana Notes & Records,22.0,166-167,"Historical Dictionary of Botswana, Fred Morton, Andrew Murray, and Jeff Ramsay (eds.)",Alex Campbell,,yes,https://www.thebotswanasociety.net/botswana-notes-records,botswana-notes-records-index-recent.xlsx
Botswana Notes & Records,22.0,105-112,Some Reflections on the Concept of Critical Herdsize and its Relevance to Drought-Prone Botswana,E.M. Segosebe,,yes,https://www.thebotswanasociety.net/botswana-notes-records,botswana-notes-records-index-recent.xlsx
Botswana Notes & Records,22.0,57-63,Water Temperatures of a Shallow Reservoir in Botswana,Jouke Andringa,,yes,https://www.thebotswanasociety.net/botswana-notes-records,botswana-notes-records-index-recent.xlsx
Botswana Notes & Records,23.0,83-99,Environmental Conservation – The Road to Survival,T.S. McCarthy,,yes,https://www.thebotswanasociety.net/botswana-notes-records,botswana-notes-records-index-recent.xlsx
Botswana Notes & Records,23.0,83-99,Environmental Conservation – The Road to Survival,John Cooke,,yes,https://www.thebotswanasociety.net/botswana-notes-records,botswana-notes-records-index-recent.xlsx
Botswana Notes & Records,23.0,209-221,How Many Refugees Were There? History and Population Change among the Herero and Mbanderu of Botswana,Renee Pennington and Henry Harpending,,yes,https://www.thebotswanasociety.net/botswana-notes-records,botswana-notes-records-index-recent.xlsx
Botswana Notes & Records,23.0,33-45,Management Team Training for Local Government: Botswana in the Vanguard,Kathy Mansfield Higgins,,yes,https://www.thebotswanasociety.net/botswana-notes-records,botswana-notes-records-index-recent.xlsx
Botswana Notes & Records,23.0,278-282,Socioeconomic Development among Remote Area Dwellers: A Note,Robert K Hitchcock,,yes,https://www.thebotswanasociety.net/botswana-notes-records,botswana-notes-records-index-recent.xlsx
Botswana Notes & Records,23.0,193-207,The Batswana-Boer War of 1852-53: How the Botswana Achieved Victory,Jeff Ramsay,1852,yes,https://www.thebotswanasociety.net/botswana-notes-records,botswana-notes-records-index-recent.xlsx
Botswana Notes & Records,23.0,286-287,The Contemporary Art of the Nharo San: National Museum and Art Gallery Exhibit 2 July – 21 July 1991,Steve Williams,1991,yes,https://www.thebotswanasociety.net/botswana-notes-records,botswana-notes-records-index-recent.xlsx
Botswana Notes & Records,23.0,69-81,The Development of Botswana's National Library Service,Sue Coker Brothers,,yes,https://www.thebotswanasociety.net/botswana-notes-records,botswana-notes-records-index-recent.xlsx
Botswana Notes & Records,23.0,11-32,The Influences of Entrepreneurs on Rural Town Development in Botswana,Elvyn Jones-Dube,,yes,https://www.thebotswanasociety.net/botswana-notes-records,botswana-notes-records-index-recent.xlsx
Botswana Notes & Records,24.0,33-38,Further Gleanings of Game Affairs in the Bechuanaland Protectorate,C.A. Spinage,,yes,https://www.thebotswanasociety.net/botswana-notes-records,botswana-notes-records-index-recent.xlsx
Botswana Notes & Records,24.0,19-32,Gleanings of Game Affairs in the Bechuanaland Protectorate,C.A. Spinage,,yes,https://www.thebotswanasociety.net/botswana-notes-records,botswana-notes-records-index-recent.xlsx
Botswana Notes & Records,24.0,165-179,Termites and land use in the south-east Botswana: Variety and abundance of termite surface features,"J.M. Dangerfield, E.M. Veenendaal, B.J. Riddoch, H. Black",,yes,https://www.thebotswanasociety.net/botswana-notes-records,botswana-notes-records-index-recent.xlsx
Botswana Notes & Records,24.0,39-48,The 1991 Census and Botswana's Population Problem,C. VanderPost,1991,yes,https://www.thebotswanasociety.net/botswana-notes-records,botswana-notes-records-index-recent.xlsx
Botswana Notes & Records,24.0,43483.0,"The Kalahari Expedition March 1908, The Forgotten Story of the Final Battle of the Nama War",Wolf D. Haacke,1908,yes,https://www.thebotswanasociety.net/botswana-notes-records,botswana-notes-records-index-recent.xlsx
Botswana Notes & Records,25.0,173-175,"A Medical History of Botswana 1885-1966, by Rogers Keteng and K. Molefi",Sandy Grant,1885;1966,yes,https://www.thebotswanasociety.net/botswana-notes-records,botswana-notes-records-index-recent.xlsx
Botswana Notes & Records,25.0,179-186,History and Evolution of the Fauna Conservation Laws of Botswana by Clive Spinage,Stuart Marks,,yes,https://www.thebotswanasociety.net/botswana-notes-records,botswana-notes-records-index-recent.xlsx
Botswana Notes & Records,25.0,179-186,History and Evolution of the Fauna Conservation Laws of Botswana by Clive Spinage,J Mark Dangerfield,,yes,https://www.thebotswanasociety.net/botswana-notes-records,botswana-notes-records-index-recent.xlsx
Botswana Notes & Records,25.0,187-190,Livestock Development and Pastoral Production on Communal Rangeland in Botswana by Richard White,I.N. Mazonde,,yes,https://www.thebotswanasociety.net/botswana-notes-records,botswana-notes-records-index-recent.xlsx
Botswana Notes & Records,25.0,173-175,Review of A Medical History of Botswana 1885-1966 by Rodgers Keteng K. Molefi,Sandy Grant,1885;1966,yes,https://www.thebotswanasociety.net/botswana-notes-records,botswana-notes-records-index-recent.xlsx
Botswana Notes & Records,25.0,59-71,"The duiker and the hare: Tswapong Subjects and Ngwato Rulers in Pre-Colonial Botswana,",Pnina Motzafi-Haller,,yes,https://www.thebotswanasociety.net/botswana-notes-records,botswana-notes-records-index-recent.xlsx
Botswana Notes & Records,25.0,43482.0,The Fossils form the Orapa Diamond Mine: A Review,F.J.Rayner,,yes,https://www.thebotswanasociety.net/botswana-notes-records,botswana-notes-records-index-recent.xlsx
Botswana Notes & Records,25.0,43482.0,The Fossils from the Orapa Diamond Mine: A Review,F.J.Rayner,,yes,https://www.thebotswanasociety.net/botswana-notes-records,botswana-notes-records-index-recent.xlsx
Botswana Notes & Records,26.0,87-93,Domesticity: The Basis of Missionary Education of Botswana Women to the End of the 19th Century,Lily Mafela,,yes,https://www.thebotswanasociety.net/botswana-notes-records,botswana-notes-records-index-recent.xlsx
Botswana Notes & Records,26.0,95-108,"Mobilizing for Self-managed Production Enterprises: A Case Study of CORDE, A Local Voluntary Development Organisation in Botswana",Barbara Ntombi Ngwenya,,yes,https://www.thebotswanasociety.net/botswana-notes-records,botswana-notes-records-index-recent.xlsx
Botswana Notes & Records,26.0,129-138,Possible Ground Water Pollution by Sewage Effluent at camps in Okavango Delta: Suggestions for its Prevention,"T.S. McCarthy, W.N. Ellery, and A. Gieske",,yes,https://www.thebotswanasociety.net/botswana-notes-records,botswana-notes-records-index-recent.xlsx
Botswana Notes & Records,26.0,129-138,Possible Ground Water Pollution by Sewage Effluent at Campus in Okavango Delta: Suggestions for its Prevention,"T.S. McCarthy, W.N. Ellery, and A. Gieske",,yes,https://www.thebotswanasociety.net/botswana-notes-records,botswana-notes-records-index-recent.xlsx
Botswana Notes & Records,27.0,85-96,A Child That Does Not Cry Dies in the Cradle: The 1908-10 Campaign to Keep the Bechuanaland Protectorate out of the Union of South Africa,Jeff Ramsay,1908,yes,https://www.thebotswanasociety.net/botswana-notes-records,botswana-notes-records-index-recent.xlsx
Botswana Notes & Records,27.0,61-69,Conserving the Historical Past - Botswana's Settlements and Buildings,Sandy Grant,,yes,https://www.thebotswanasociety.net/botswana-notes-records,botswana-notes-records-index-recent.xlsx
Botswana Notes & Records,27.0,151-226,"Hydrobiological Studies of the Okavango Delta and Kwango/Linyanti/Chobe River, Botswana I Surface Water Quality Analysis","G Cronberg, A Gieske, E Martins, J Prince Nengu & I-M Stenstrom",,yes,https://www.thebotswanasociety.net/botswana-notes-records,botswana-notes-records-index-recent.xlsx
Botswana Notes & Records,27.0,336-337,Modern Practice in Education and Science by N G Matonsa and G M Willis,Bob Prophet,,yes,https://www.thebotswanasociety.net/botswana-notes-records,botswana-notes-records-index-recent.xlsx
Botswana Notes & Records,27.0,71-84,"The 1993 Maps of 'Bechuanaland Protectorate' at 1:500,000: A Milestone in the Mapping of Botswana",Jeffery C Stone,1993,yes,https://www.thebotswanasociety.net/botswana-notes-records,botswana-notes-records-index-recent.xlsx
Botswana Notes & Records,27.0,97-110,Tswana War Poetry: Part One,Ashley Jackson,,yes,https://www.thebotswanasociety.net/botswana-notes-records,botswana-notes-records-index-recent.xlsx
Botswana Notes & Records,28.0,219-229,Botswana: A Country in Need of Land Policy Reform,I N Mazonde,,yes,https://www.thebotswanasociety.net/botswana-notes-records,botswana-notes-records-index-recent.xlsx
Botswana Notes & Records,29.0,150-152,"Historical Dictionary of Botswana, Third Edition by Jeff Ramsay, Barry Morton 150-152 and Fred Morton",Reviewed by Neil Parsons,,yes,https://www.thebotswanasociety.net/botswana-notes-records,botswana-notes-records-index-recent.xlsx
Botswana Notes & Records,29.0,150-152,"Historical Dictionary of Botswana, Third Edition by Jeff Ramsay, Barry Morton 150-152 and Fred Morton",Neil Parsons,,yes,https://www.thebotswanasociety.net/botswana-notes-records,botswana-notes-records-index-recent.xlsx
Botswana Notes & Records,29.0,121-141,"Lords of the Desert Land: Politics and Resistance of the Ghanzi, Basarwa of the Ninteenth Century",Mathias Guenther,,yes,https://www.thebotswanasociety.net/botswana-notes-records,botswana-notes-records-index-recent.xlsx
Botswana Notes & Records,29.0,23-44,Some Aspects of the History of Seventh Day Adentist in Botswana from 1922 to 1970,Yonah Matemba,1922;1970,yes,https://www.thebotswanasociety.net/botswana-notes-records,botswana-notes-records-index-recent.xlsx
Botswana Notes & Records,30.0,27-44,Development and Cultural Change among the Okavango Delta Peoples of Botswana,John Rock,,yes,https://www.thebotswanasociety.net/botswana-notes-records,botswana-notes-records-index-recent.xlsx
Botswana Notes & Records,30.0,195-196,Does Land Degradation Matter? Perspectives of Environmental Change in North East Botswana by Peer Kinlund,Keith Leggett,,yes,https://www.thebotswanasociety.net/botswana-notes-records,botswana-notes-records-index-recent.xlsx
Botswana Notes & Records,30.0,195-196,Does Land Degradation Matter? Perspectives of Environmental Change in North East Botswana by Peer Kinlund,Robert J G Sebego,,yes,https://www.thebotswanasociety.net/botswana-notes-records,botswana-notes-records-index-recent.xlsx
Botswana Notes & Records,30.0,195-196,Does Land Degradation Matter? Perspectives of Environmental Change in North East Botswana by Peer Kinlund,Kieth Leggett,,yes,https://www.thebotswanasociety.net/botswana-notes-records,botswana-notes-records-index-recent.xlsx
Botswana Notes & Records,30.0,67-78,Islam in Botswana During the Colonial Period 1882 - 1966,James Amanze,1882;1966,yes,https://www.thebotswanasociety.net/botswana-notes-records,botswana-notes-records-index-recent.xlsx
Botswana Notes & Records,30.0,183-184,The Development of Education in Botswana 1937 - 1987: The Role of Teachers Organizations,I N Mazonde,1937;1987,yes,https://www.thebotswanasociety.net/botswana-notes-records,botswana-notes-records-index-recent.xlsx
Botswana Notes & Records,31.0,43787.0,A Lost Story: Botswana and the Anglo-Boer War,Rob S Burrett,,yes,https://www.thebotswanasociety.net/botswana-notes-records,botswana-notes-records-index-recent.xlsx
Botswana Notes & Records,31.0,175-178,Botswana 1939-1945: An African Country at War by Ashley Jackson,D. Kiyaga Mulindwa,1939;1945,yes,https://www.thebotswanasociety.net/botswana-notes-records,botswana-notes-records-index-recent.xlsx
Botswana Notes & Records,31.0,179-180,"Botswana: The Road to Independence by Peter Fawcus, Alan Tilbury",Alec Campbell,,yes,https://www.thebotswanasociety.net/botswana-notes-records,botswana-notes-records-index-recent.xlsx
Botswana Notes & Records,31.0,174-175,"History of Botswana by Thomas Tlou, Alec Campbell",Alinah Segobye,,yes,https://www.thebotswanasociety.net/botswana-notes-records,botswana-notes-records-index-recent.xlsx
Botswana Notes & Records,31.0,119-128,Segaba: An African zither and its potential for music education,Mothusi Phuthego,,yes,https://www.thebotswanasociety.net/botswana-notes-records,botswana-notes-records-index-recent.xlsx
Botswana Notes & Records,31.0,19-32,The historical dynamics of the socioeconomic relationships between the Nomadic San and the rural Kgalagadi,Kazunobu Ikeya,,yes,https://www.thebotswanasociety.net/botswana-notes-records,botswana-notes-records-index-recent.xlsx
Botswana Notes & Records,31.0,83-92,"Water Resource Use and Management in the Okavango system of Southern Africa: The Political Economy of state, community and private resource control",Robert K Hitchcock,,yes,https://www.thebotswanasociety.net/botswana-notes-records,botswana-notes-records-index-recent.xlsx
Botswana Notes & Records,31.0,83-92,"Water Resourse Use and Management in the Okavango system of Southern Africa: The Political Economy of state, community and private resource control",Robert K Hitchcock,,yes,https://www.thebotswanasociety.net/botswana-notes-records,botswana-notes-records-index-recent.xlsx
Botswana Notes & Records,32.0,43793.0,Action at Crocodile Pools during the Anglo-South African War and the Death of Captain Sampson French,P. Millington and R S Burrett,,yes,https://www.thebotswanasociety.net/botswana-notes-records,botswana-notes-records-index-recent.xlsx
Botswana Notes & Records,32.0,193-200,The History of Craft Development in Botswana,M.E. Terry,,yes,https://www.thebotswanasociety.net/botswana-notes-records,botswana-notes-records-index-recent.xlsx
Botswana Notes & Records,32.0,73-83,The Hydro-Politics of the Okavango Delta: Property Rights and the Management Implications of Competing Land and Water Use Strategies,R. Hasler,,yes,https://www.thebotswanasociety.net/botswana-notes-records,botswana-notes-records-index-recent.xlsx
Botswana Notes & Records,33.0,13.0,"""It's mine!"" ""No it's mine!"", Early Company Squabbles over the Borders of Tati Concession",R S Burrett,,yes,https://www.thebotswanasociety.net/botswana-notes-records,botswana-notes-records-index-recent.xlsx
Botswana Notes & Records,33.0,41.0,An Outline history of Monarch Gold Mine Francistown,R Lewis,,yes,https://www.thebotswanasociety.net/botswana-notes-records,botswana-notes-records-index-recent.xlsx
Botswana Notes & Records,33.0,168.0,At the Edge of the Kalahari: Historical Colour Photographs of Tswana Chiefdoms and Hereros in Exile,Katesa Schlosser Reviewed by Sandy Grant,,yes,https://www.thebotswanasociety.net/botswana-notes-records,botswana-notes-records-index-recent.xlsx
Botswana Notes & Records,33.0,165.0,"Inconvenient Indigenous: Remote Area Development in Botswana, Donor Assistance and the First People of the Kalahari",Sidsel Saugestatd Reviewed by Sheldon G Weeks,,yes,https://www.thebotswanasociety.net/botswana-notes-records,botswana-notes-records-index-recent.xlsx
Botswana Notes & Records,33.0,171.0,"Making Education Work: The What, Why and How of Education with Production",Patrick Van Rensburg Reviewed by David Mathews and Derek Hudson,,yes,https://www.thebotswanasociety.net/botswana-notes-records,botswana-notes-records-index-recent.xlsx
Botswana Notes & Records,33.0,170.0,"People of Mochudi1960-1995, Mochudi Around the Time of Independence",Sandy Grant Reviewed by Neil Parsons,1960;1995,yes,https://www.thebotswanasociety.net/botswana-notes-records,botswana-notes-records-index-recent.xlsx
Botswana Notes & Records,33.0,170.0,"People of Mochudi1960-1995, Mochudi Around the Time of Independence",Sany Grant Reviewed by Neil Parsons,1960;1995,yes,https://www.thebotswanasociety.net/botswana-notes-records,botswana-notes-records-index-recent.xlsx
Botswana Notes & Records,33.0,153.0,The Dispersion of Vehicular emissions from a busy road,"E R Jayaratne, T S Verma, T A Thomas",,yes,https://www.thebotswanasociety.net/botswana-notes-records,botswana-notes-records-index-recent.xlsx
Botswana Notes & Records,33.0,153.0,The dispersion of Vehicular emissions from a busy road,"E R Jayaratne, T S Verma, T A Thomas",,yes,https://www.thebotswanasociety.net/botswana-notes-records,botswana-notes-records-index-recent.xlsx
Botswana Notes & Records,33.0,149.0,"Women, water and the natural resources management in Southern Africa","R K Hitchcock, M Kelly, and J Ebert",,yes,https://www.thebotswanasociety.net/botswana-notes-records,botswana-notes-records-index-recent.xlsx
Botswana Notes & Records,34.0,160.0,A Brief Note on the History of Serowe,C J Makgala,,yes,https://www.thebotswanasociety.net/botswana-notes-records,botswana-notes-records-index-recent.xlsx
Botswana Notes & Records,34.0,67.0,"Environmental Impact of Tourism Development in the Okavango Delta, Northwestern Botswana",J Mbaiwa,,yes,https://www.thebotswanasociety.net/botswana-notes-records,botswana-notes-records-index-recent.xlsx
Botswana Notes & Records,34.0,67.0,"Environmental Impacts of Tourism Development in the Okavango Delta, Northwestern Botswana",P.R. Weare,,yes,https://www.thebotswanasociety.net/botswana-notes-records,botswana-notes-records-index-recent.xlsx
Botswana Notes & Records,34.0,67.0,"Environmental Impacts of Tourism Development in the Okavango Delta, Northwestern Botswana",J Mbaiwa,,yes,https://www.thebotswanasociety.net/botswana-notes-records,botswana-notes-records-index-recent.xlsx
Botswana Notes & Records,34.0,144.0,Let us plough: Co-operative development in Botswana in 1963-68,T Bottomley,1963,yes,https://www.thebotswanasociety.net/botswana-notes-records,botswana-notes-records-index-recent.xlsx
Botswana Notes & Records,34.0,37.0,Slipping Through Their Fingers: Women's Migration and Tswana Patriarchy,C Cockerton,,yes,https://www.thebotswanasociety.net/botswana-notes-records,botswana-notes-records-index-recent.xlsx
Botswana Notes & Records,35.0,41-52,Graves at the settlement of Tati in the north-east of Botswana,Geoff S. Quick,,yes,https://www.thebotswanasociety.net/botswana-notes-records,botswana-notes-records-index-recent.xlsx
Botswana Notes & Records,35.0,11-31,"New facts and interpretations of events in the Anglo-South African War in the Gaborone area, 1899-1902",Rob Burrett & Peter Millington,1899;1902,yes,https://www.thebotswanasociety.net/botswana-notes-records,botswana-notes-records-index-recent.xlsx
Botswana Notes & Records,35.0,53-67,"The pre-colonial political history of BaKgatla baga Mmanaana of Botswana, c.1600-1881",Yonah Hisbon Matemba,1881,yes,https://www.thebotswanasociety.net/botswana-notes-records,botswana-notes-records-index-recent.xlsx
Botswana Notes & Records,36.0,125-135,The roles of applied and development anthropology and archaeology among the San of Botswana,Robert K. Hitchcock,,yes,https://www.thebotswanasociety.net/botswana-notes-records,botswana-notes-records-index-recent.xlsx
Botswana Notes & Records,37.0,280-291,An analysis of spatial and temporal variations in the Okavango Delta fishery: towards the development of a fisheries management plan,K. Mosepele & B. Mosepele,,yes,https://www.thebotswanasociety.net/botswana-notes-records,botswana-notes-records-index-recent.xlsx
Botswana Notes & Records,37.0,108-124,Community attitudes and perceptions towards urban ecological issues in Maun and Gaborone,"E.N. Toteng, J.E. Mbaiwa, & N.N. Moswete",,yes,https://www.thebotswanasociety.net/botswana-notes-records,botswana-notes-records-index-recent.xlsx
Botswana Notes & Records,37.0,97-107,Household willingness to pay for reliability of water supply and quality in Chobe suburb of Maun: an application of the contingent valuation method,"G. Mmopelwa, D.L. Kgathi, W.R.L. Masamba, & A. Thukuza",,yes,https://www.thebotswanasociety.net/botswana-notes-records,botswana-notes-records-index-recent.xlsx
Botswana Notes & Records,37.0,253-263,Islands in the Okavango delta as sinks of water-borne nutrients,"P.Wolski,M.Murray-Hudson,P.Fernkvist,A.Liden,P.Huntsman-Mapila, & L. Ramberg",,yes,https://www.thebotswanasociety.net/botswana-notes-records,botswana-notes-records-index-recent.xlsx
Botswana Notes & Records,37.0,236-252,Preliminary land-use and land-cover mapping in the upper Okavango Basin and implications for the Okavango Delta,"C. VanderPost, S. Ringrose, & M. Seely",,yes,https://www.thebotswanasociety.net/botswana-notes-records,botswana-notes-records-index-recent.xlsx
Botswana Notes & Records,38.0,n/a,Botswana's 2003/ 04 to 2006/ 07 budgets: the war against HIV/ AIDS,G.R. Motlaleng,2003;2006,yes,https://www.thebotswanasociety.net/botswana-notes-records,botswana-notes-records-index-recent.xlsx
Botswana Notes & Records,38.0,n/a,The evolution of formal widwifery education from 1926 to the present,K. Dintle Mogobe,1926,yes,https://www.thebotswanasociety.net/botswana-notes-records,botswana-notes-records-index-recent.xlsx
Botswana Notes & Records,38.0,n/a,"The Phutadikobo Museum: a record of involvement and achievement, 1976-2006",Sandy Grant,1976;2006,yes,https://www.thebotswanasociety.net/botswana-notes-records,botswana-notes-records-index-recent.xlsx
